modèle,r2,MAE
RandomForest,0.46066942723633786,48846.349221674885
LinearRegression,0.35601675108004016,58410.81330000698
DecisionTree,0.4269520890421725,51242.73165530454
GradientBoosting,0.48025523879771836,47775.19555596322
XGBoost,0.44582250247162447,49485.147187884104
