,modèle,r2,MAE
0,Random Forest,0.46066942723633786,48846.349221674885
1,Linear Regression,0.35601675108004016,58410.81330000698
2,Decision Tree,0.4269520890421725,51242.73165530454
3,Gradient Boosting,0.48025523879771836,47775.19555596322
4,XGBoost,0.44582250247162447,49485.147187884104
